[
  {
    "condition": "minecraft:entity_properties",
    "entity": "this",
    "predicate": {
      "nbt": "{Tags:[\"MEI_Calculating\"]}"
    }
  },
  {
    "condition": "minecraft:entity_scores",
    "entity": "this",
    "scores": {
      "MEI_ShowTime": {
        "min": 1,
        "max": 2147483647
      },
      "MEI_DayTimeMin": {
        "min": 10,
        "max": 2147483647
      }
    }
  },
  {
    "condition": "minecraft:time_check",
    "period": 24000,
    "value": {
      "min": 12518,
      "max": 24000
    }
  }
]