{
  "condition": "minecraft:alternative",
  "terms": [
    {
      "condition": "minecraft:reference",
      "name": "mei:system/biome/the_end/end_barrens"
    },
    {
      "condition": "minecraft:reference",
      "name": "mei:system/biome/the_end/end_highlands"
    },
    {
      "condition": "minecraft:reference",
      "name": "mei:system/biome/the_end/end_midlands"
    },
    {
      "condition": "minecraft:reference",
      "name": "mei:system/biome/the_end/small_end_islands"
    },
    {
      "condition": "minecraft:reference",
      "name": "mei:system/biome/the_end/the_end"
    }
  ]
}