{
  "condition": "minecraft:alternative",
  "terms": [
    {
      "condition": "minecraft:reference",
      "name": "mei:system/biome/dry/badlands"
    },
    {
      "condition": "minecraft:reference",
      "name": "mei:system/biome/dry/badlands_plateau"
    },
    {
      "condition": "minecraft:reference",
      "name": "mei:system/biome/dry/desert"
    },
    {
      "condition": "minecraft:reference",
      "name": "mei:system/biome/dry/desert_hills"
    },
    {
      "condition": "minecraft:reference",
      "name": "mei:system/biome/dry/desert_lakes"
    },
    {
      "condition": "minecraft:reference",
      "name": "mei:system/biome/dry/eroded_badlands"
    },
    {
      "condition": "minecraft:reference",
      "name": "mei:system/biome/dry/modified_badlands_plateau"
    },
    {
      "condition": "minecraft:reference",
      "name": "mei:system/biome/dry/modified_wooded_badlands_plateau"
    },
    {
      "condition": "minecraft:reference",
      "name": "mei:system/biome/dry/savanna"
    },
    {
      "condition": "minecraft:reference",
      "name": "mei:system/biome/dry/savanna_plateau"
    },
    {
      "condition": "minecraft:reference",
      "name": "mei:system/biome/dry/shattered_savanna"
    },
    {
      "condition": "minecraft:reference",
      "name": "mei:system/biome/dry/shattered_savanna_plateau"
    },
    {
      "condition": "minecraft:reference",
      "name": "mei:system/biome/dry/wooded_badlands_plateau"
    }
  ]
}