{
  "condition": "minecraft:alternative",
  "terms": [
    {
      "condition": "minecraft:reference",
      "name": "mei:system/biome/cold/giant_spruce_taiga"
    },
    {
      "condition": "minecraft:reference",
      "name": "mei:system/biome/cold/giant_spruce_taiga_hills"
    },
    {
      "condition": "minecraft:reference",
      "name": "mei:system/biome/cold/giant_tree_taiga"
    },
    {
      "condition": "minecraft:reference",
      "name": "mei:system/biome/cold/giant_tree_taiga_hills"
    },
    {
      "condition": "minecraft:reference",
      "name": "mei:system/biome/cold/gravelly_mountains"
    },
    {
      "condition": "minecraft:reference",
      "name": "mei:system/biome/cold/modified_gravelly_mountains"
    },
    {
      "condition": "minecraft:reference",
      "name": "mei:system/biome/cold/mountain_edge"
    },
    {
      "condition": "minecraft:reference",
      "name": "mei:system/biome/cold/mountains"
    },
    {
      "condition": "minecraft:reference",
      "name": "mei:system/biome/cold/stone_shore"
    },
    {
      "condition": "minecraft:reference",
      "name": "mei:system/biome/cold/taiga"
    },
    {
      "condition": "minecraft:reference",
      "name": "mei:system/biome/cold/taiga_hills"
    },
    {
      "condition": "minecraft:reference",
      "name": "mei:system/biome/cold/taiga_mountains"
    },
    {
      "condition": "minecraft:reference",
      "name": "mei:system/biome/cold/wooded_hills"
    },
    {
      "condition": "minecraft:reference",
      "name": "mei:system/biome/cold/wooded_mountains"
    }
  ]
}
