{
  "parent": "mal:blocks/stripped_acacia_wood",
  "display": {
    "icon": {
      "item": "minecraft:acacia_leaves"
    },
    "title": {
      "translate": "block.minecraft.acacia_leaves"
    },
    "description": "",
    "announce_to_chat": false,
    "frame": "task",
    "hidden": false,
    "show_toast": false
  },
  "criteria": {
    "acacia_leaves": {
      "trigger": "minecraft:inventory_changed",
      "conditions": {
        "items": [
          {
            "items": [
              "minecraft:acacia_leaves"
            ]
          }
        ]
      }
    }
  },
  "requirements": [
    ["acacia_leaves"]
  ],
  "rewards": {
    "function": "mal:blocks/acacia_leaves"
  }
}
