{
  "parent": "mal:blocks",
  "display": {
    "icon": {
      "item": "minecraft:blast_furnace"
    },
    "title": {
      "translate": "block.minecraft.blast_furnace"
    },
    "description": "",
    "announce_to_chat": false,
    "frame": "task",
    "hidden": false,
    "show_toast": false
  },
  "criteria": {
    "blast_furnace": {
      "trigger": "minecraft:inventory_changed",
      "conditions": {
        "items": [
          {
            "items": [
              "minecraft:blast_furnace"
            ]
          }
        ]
      }
    }
  },
  "requirements": [
    ["blast_furnace"]
  ],
  "rewards": {
    "function": "mal:blocks/blast_furnace"
  }
}
