{
  "parent": "mal:blocks/red_sandstone",
  "display": {
    "icon": {
      "item": "minecraft:cut_red_sandstone"
    },
    "title": {
      "translate": "block.minecraft.cut_red_sandstone"
    },
    "description": "",
    "announce_to_chat": false,
    "frame": "task",
    "hidden": false,
    "show_toast": false
  },
  "criteria": {
    "cut_red_sandstone": {
      "trigger": "minecraft:inventory_changed",
      "conditions": {
        "items": [
          {
            "items": [
              "minecraft:cut_red_sandstone"
            ]
          }
        ]
      }
    }
  },
  "requirements": [
    ["cut_red_sandstone"]
  ],
  "rewards": {
    "function": "mal:blocks/cut_red_sandstone"
  }
}
