{
  "parent": "mal:blocks",
  "display": {
    "icon": {
      "item": "minecraft:dark_prismarine"
    },
    "title": {
      "translate": "block.minecraft.dark_prismarine"
    },
    "description": "",
    "announce_to_chat": false,
    "frame": "task",
    "hidden": false,
    "show_toast": false
  },
  "criteria": {
    "dark_prismarine": {
      "trigger": "minecraft:inventory_changed",
      "conditions": {
        "items": [
          {
            "items": [
              "minecraft:dark_prismarine"
            ]
          }
        ]
      }
    }
  },
  "requirements": [
    ["dark_prismarine"]
  ],
  "rewards": {
    "function": "mal:blocks/dark_prismarine"
  }
}
