{
  "parent": "mal:blocks/jungle_planks",
  "display": {
    "icon": {
      "item": "minecraft:jungle_log"
    },
    "title": {
      "translate": "block.minecraft.jungle_log"
    },
    "description": "",
    "announce_to_chat": false,
    "frame": "task",
    "hidden": false,
    "show_toast": false
  },
  "criteria": {
    "jungle_log": {
      "trigger": "minecraft:inventory_changed",
      "conditions": {
        "items": [
          {
            "items": [
              "minecraft:jungle_log"
            ]
          }
        ]
      }
    }
  },
  "requirements": [
    ["jungle_log"]
  ],
  "rewards": {
    "function": "mal:blocks/jungle_log"
  }
}
