{
  "parent": "mal:blocks/magenta_wool",
  "display": {
    "icon": {
      "item": "minecraft:light_blue_wool"
    },
    "title": {
      "translate": "block.minecraft.light_blue_wool"
    },
    "description": "",
    "announce_to_chat": false,
    "frame": "task",
    "hidden": false,
    "show_toast": false
  },
  "criteria": {
    "light_blue_wool": {
      "trigger": "minecraft:inventory_changed",
      "conditions": {
        "items": [
          {
            "items": [
              "minecraft:light_blue_wool"
            ]
          }
        ]
      }
    }
  },
  "requirements": [
    ["light_blue_wool"]
  ],
  "rewards": {
    "function": "mal:blocks/light_blue_wool"
  }
}
