{
  "parent": "mal:blocks/spruce_wood",
  "display": {
    "icon": {
      "item": "minecraft:stripped_spruce_wood"
    },
    "title": {
      "translate": "block.minecraft.stripped_spruce_wood"
    },
    "description": "",
    "announce_to_chat": false,
    "frame": "task",
    "hidden": false,
    "show_toast": false
  },
  "criteria": {
    "stripped_spruce_wood": {
      "trigger": "minecraft:inventory_changed",
      "conditions": {
        "items": [
          {
            "items": [
              "minecraft:stripped_spruce_wood"
            ]
          }
        ]
      }
    }
  },
  "requirements": [
    ["stripped_spruce_wood"]
  ],
  "rewards": {
    "function": "mal:blocks/stripped_spruce_wood"
  }
}
