{
  "parent": "mal:blocks/light_blue_shulker_box",
  "display": {
    "icon": {
      "item": "minecraft:yellow_shulker_box"
    },
    "title": {
      "translate": "block.minecraft.yellow_shulker_box"
    },
    "description": "",
    "announce_to_chat": false,
    "frame": "task",
    "hidden": false,
    "show_toast": false
  },
  "criteria": {
    "yellow_shulker_box": {
      "trigger": "minecraft:inventory_changed",
      "conditions": {
        "items": [
          {
            "items": [
              "minecraft:yellow_shulker_box"
            ]
          }
        ]
      }
    }
  },
  "requirements": [
    ["yellow_shulker_box"]
  ],
  "rewards": {
    "function": "mal:blocks/yellow_shulker_box"
  }
}
